Model,Gender,Description,Price,Photo,link
Men's Pullover Fleece Hoodie,Men ,"Clean meets casual with this classic hoodie. Our midweight brushed fleece feels extra soft on the inside and smooth on the outside, helping you stay cozy while keeping its structured shape.


Shown: Black/Black/White
Style: FN3859-010",$56.97,https://imgur.com/a/6SUUJQd,"https://www.nike.com/t/club-mens-pullover-fleece-hoodie-SKnwG7/FN3859
-010"
Men's Dri-FIT Short-Sleeve Top,Men ,"Train with ease in this Nike Pro top, combining sweat-wicking Dri-FIT technology and smooth, breathable fabric. Curved hems provide the coverage you need for even the toughest workouts.


Shown: Black/White
Style: HV0409-010",$50,https://imgur.com/a/df5dBXl,"https://ww
w.nike.com/t/pro-training-mens-dri-fit-short-sleeve-top-86QRWF/HV0409-010"
Women's Oversized Crew-Neck Sweatshirt,Women,"With an oversized fit and elongated ribbing, this sweatshirt makes a cozy sportswear statement. It’s crafted with midweight fleece for a soft yet structured feel.


Shown: Cannon/Mint Foam
Style: IH7811-017",$75,https://imgur.com/a/kdZhYy7,https://www.nike.com/t/sportswear-phoenix-fleece-womens-oversized-crew-neck-sweatshirt-YtmkgJxG/IH7811-017
Women's Mid-Rise Crop Mesh-Panel Leggings,Women,"Pushing through a challenging set or counting down the clock, feel limitless in these Nike Pro leggings. Lightweight and stretchy, the smooth fabric dries quickly to help you stay ready when your workout heats up. Mesh at the calves lets moisture escape so that finishing strong is no sweat.


Shown: Black/White
Style: CZ9803-013",$45,https://imgur.com/a/rEiCHL3,https://www.nike.com/t/pro-womens-mid-rise-crop-mesh-panel-leggings-YiOd3VZv/CZ9803-013
Men's Woven Flow Shorts,Men,"Sporty and versatile, these woven shorts are made for easygoing daily comfort. The fit is designed to hit above-the-knee and feel relaxed through the seat and thighs to keep them from feeling restrictive, especially in warmer weather. Mesh lining helps you stay cool and comfy around town. Pair them up with a tee and your favorite Nike sneakers for a look that gets you out there looking and feeling great.


Shown: Black/White
Style: FN3307-010",$43.97,https://imgur.com/a/Wo0kyXS,https://www.nike.com/t/club-mens-woven-flow-shorts-vw2WpQ/FN3307-010
Men's Cargo Shorts,Men,"Woven twill fabric helps keep these cargo shorts lightweight and durable. They come with a stretchy elastic waistband, so you know they're comfortable.


Shown: Black/Iron Grey
Style: HV9683-010
",$55,https://imgur.com/a/S6J8dfY,https://www.nike.com/t/jordan-brooklyn-mens-cargo-shorts-KkFLgL/HV9683-010
Men's Dri-FIT Versatile Tank,Men,"Run, spin, lift, stretch—no matter where your workout takes you, we have you covered in the sweat-wicking Primary Tank. It's ultra soft and comfortable, with underarm ventilation to help keep you cool during your reps.


Shown: Baroque Brown/Baroque Brown
Style: DV9833-237",$55,https://imgur.com/a/FBYcIKq,https://www.nike.com/t/primary-mens-dri-fit-versatile-tank-RcQ41g/DV9833-237
Women's Mid-Rise 3" Graphic Biker Shorts,Women,"Crush your goals feeling limitless in these Nike Pro biker shorts. Lightweight and stretchy, the smooth fabric dries quickly to help you stay ready when your workout heats up. A soft jacquard elastic waistband sits snugly against your skin without pinching or binding, so you can feel secure from start to finish.


Shown: Aster Pink/Pinksicle/Hot Punch/White
Style: FV7838-629",$22.97,https://imgur.com/a/6FWCcE4,https://www.nike.com/t/pro-womens-mid-rise-3-graphic-biker-shorts-pvLhXJfW/FV7838-629
Women's Shorts,Women,"Shorts you can reach for any day of the week? Yeah, we got 'em. Smooth on the outside with unbrushed loops on the inside, these roomy midweight French terry shorts are comfy enough to wear all year long.


Shown: Doll/White
Style: HJ1365-537",$50,https://imgur.com/a/it5DnVG,https://www.nike.com/t/jordan-brooklyn-fleece-womens-shorts-nw6ls9/HJ1365-537
Men's Fleece Pullover Hoodie,Men,"Clean meets casual with this classic hoodie. Smooth on the outside, super soft on the inside, it's made from brushed fleece that delivers comfort you can count on.


Shown: Obsidian/Obsidian/University Gold
Style: HJ2159-451",$63.97,https://i.imgur.com/7TA74A7.png,https://www.nike.com/t/club-mens-fleece-pullover-hoodie-X6XzZ3/HJ2159-451
Women's Dri-FIT Cropped Tank Top,Women,"Get your sweat on in this cropped Nike Pro tank. Lightweight and stretchy, the smooth fabric dries quickly to help you stay ready when your workout heats up. With a body-hugging fit and soft jacquard elastic band at the hem, you can feel secure as you crush your goals.


Shown: Midnight Navy/White
Style: FZ3615-410",$40,https://imgur.com/a/aRH67pX,https://www.nike.com/t/pro-womens-dri-fit-cropped-tank-top-fNRHSV2K/FZ3615-410
Women's T-Shirt,Women,"Turn up the heat in this relaxed tee. Sleek fabric wicks sweat away so you stay dry and comfy while you work out.


Shown: Midnight Navy/White
Style: DX0687-410",$30,https://imgur.com/a/BWTwsmu,https://www.nike.com/t/dri-fit-womens-t-shirt-dM375qq5/DX0687-410
Men's Sleeveless Fitness T-Shirt,Men,"A sweat-wicking legend returns with an updated look and feel. It's soft in all the right ways, with a more relaxed, looser fit than previous versions so you can move through your reps without missing a beat.


Shown: Game Royal/Black
Style: DX0991-480",$30,https://imgur.com/a/6WNeyYd,https://www.nike.com/t/dri-fit-legend-mens-sleeveless-fitness-t-shirt-HVM6X4/DX0991-480
Women's Oversized Short-Sleeve Polo Top,Women,"Heavyweight cotton blend gives this polo a structured feel. Elongated sleeves emphasize the already oversized fit.


Shown: Midnight Navy/Dark Sulfur/White/White
Style: IB2153-410",$60,https://imgur.com/a/iByvwp9,https://www.nike.com/t/sportswear-womens-oversized-short-sleeve-polo-top-Fp1B6T/IB2153-410
Women's Oversized Graphic Cargo Jacket,Women,"This utility-inspired jacket is crafted with woven cotton canvas for a sturdy feel. A lightweight taffeta lining adds comfort.


Shown: Summit White/Black
Style: IB2037-121",$170,https://imgur.com/a/S1KgP3u,https://www.nike.com/t/sportswear-womens-oversized-graphic-cargo-jacket-Fqp8Ld/IB2037-121
